{
  "config": {
    "run_name": "exp1_4",
    "out_dir": "./results",
    "seed": 42,
    "device": null,
    "bs_train": 50,
    "bs_test": 12,
    "batches": 10,
    "epochs": 10,
    "early_stopping": 5,
    "checkpoints": null,
    "lr": 0.001,
    "reg": 0.001,
    "filters_per_layer": [
      64,
      128,
      256
    ],
    "pool_every": 8,
    "hidden_dims": [
      100
    ],
    "model_type": "resnet",
    "kw": {},
    "layers_per_block": 8
  },
  "results": {
    "num_epochs": 10,
    "train_loss": [
      1.698801875114441,
      1.4660797119140625,
      1.3864434957504272,
      1.326439380645752,
      1.304747462272644,
      1.2595022916793823,
      1.228434443473816,
      1.208858847618103,
      1.1904089450836182,
      1.1717026233673096
    ],
    "train_acc": [
      38.253997802734375,
      47.215999603271484,
      50.29999923706055,
      52.51199722290039,
      53.4379997253418,
      54.86399841308594,
      56.284000396728516,
      57.073997497558594,
      57.60199737548828,
      58.14799880981445
    ],
    "test_loss": [
      1.4999375343322754,
      1.3789106607437134,
      1.3413209915161133,
      1.272864580154419,
      1.2795934677124023,
      1.2702863216400146,
      1.2250770330429077,
      1.2081326246261597,
      1.2349228858947754,
      1.2027643918991089
    ],
    "test_acc": [
      45.5099983215332,
      51.119998931884766,
      51.6099967956543,
      54.71999740600586,
      54.53999710083008,
      54.189998626708984,
      56.18000030517578,
      56.88999938964844,
      55.959999084472656,
      56.709999084472656
    ]
  }
}