{
  "config": {
    "run_name": "exp1_2",
    "out_dir": "./results",
    "seed": 42,
    "device": null,
    "bs_train": 50,
    "bs_test": 12,
    "batches": 10,
    "epochs": 10,
    "early_stopping": 5,
    "checkpoints": null,
    "lr": 0.001,
    "reg": 0.001,
    "filters_per_layer": [
      32
    ],
    "pool_every": 2,
    "hidden_dims": [
      100
    ],
    "model_type": "cnn",
    "kw": {},
    "layers_per_block": 4
  },
  "results": {
    "num_epochs": 10,
    "train_loss": [
      1.6925373077392578,
      1.305500864982605,
      1.1402626037597656,
      1.006189227104187,
      0.9127448797225952,
      0.8420530557632446,
      0.782496452331543,
      0.7314549684524536,
      0.6906697154045105,
      0.6511464715003967
    ],
    "train_acc": [
      38.093997955322266,
      53.10599899291992,
      59.38399887084961,
      64.33000183105469,
      67.70999908447266,
      70.19200134277344,
      72.20199584960938,
      74.09400177001953,
      75.60399627685547,
      76.88800048828125
    ],
    "test_loss": [
      1.3891080617904663,
      1.2260189056396484,
      1.0839837789535522,
      0.9824514985084534,
      0.936901330947876,
      0.9430800080299377,
      0.9015523195266724,
      0.8940646052360535,
      0.8435733914375305,
      0.8085992932319641
    ],
    "test_acc": [
      49.69999694824219,
      56.529998779296875,
      61.03999710083008,
      64.80999755859375,
      67.06999969482422,
      66.75999450683594,
      68.7699966430664,
      69.04000091552734,
      70.47000122070312,
      71.80999755859375
    ]
  }
}