{
  "config": {
    "run_name": "exp1_1",
    "out_dir": "./results",
    "seed": 42,
    "device": null,
    "bs_train": 50,
    "bs_test": 12,
    "batches": 10,
    "epochs": 10,
    "early_stopping": 5,
    "checkpoints": null,
    "lr": 0.001,
    "reg": 0.001,
    "filters_per_layer": [
      64
    ],
    "pool_every": 4,
    "hidden_dims": [
      100
    ],
    "model_type": "cnn",
    "kw": {},
    "layers_per_block": 8
  },
  "results": {
    "num_epochs": 6,
    "train_loss": [
      2.3032963275909424,
      2.302783966064453,
      2.302783250808716,
      2.302823781967163,
      2.302781820297241,
      2.3027427196502686
    ],
    "train_acc": [
      9.803999900817871,
      9.877999305725098,
      9.875999450683594,
      9.777999877929688,
      9.88599967956543,
      9.745999336242676
    ],
    "test_loss": [
      2.302739381790161,
      2.3026914596557617,
      2.302670955657959,
      2.3026211261749268,
      2.302618980407715,
      2.3026037216186523
    ],
    "test_acc": [
      10.0,
      10.0,
      10.0,
      10.0,
      10.0,
      10.0
    ]
  }
}