{
  "config": {
    "run_name": "exp1_3",
    "out_dir": "./results",
    "seed": 42,
    "device": null,
    "bs_train": 50,
    "bs_test": 12,
    "batches": 10,
    "epochs": 10,
    "early_stopping": 5,
    "checkpoints": null,
    "lr": 0.001,
    "reg": 0.001,
    "filters_per_layer": [
      64,
      128,
      256
    ],
    "pool_every": 1,
    "hidden_dims": [
      100
    ],
    "model_type": "cnn",
    "kw": {},
    "layers_per_block": 1
  },
  "results": {
    "num_epochs": 10,
    "train_loss": [
      1.4616141319274902,
      1.0750648975372314,
      0.909675657749176,
      0.8117955923080444,
      0.7421457767486572,
      0.680781364440918,
      0.6371795535087585,
      0.6010648608207703,
      0.5679754018783569,
      0.5341319441795349
    ],
    "train_acc": [
      46.75,
      61.79399871826172,
      68.06800079345703,
      71.86799621582031,
      74.20199584960938,
      76.25199890136719,
      77.75999450683594,
      79.00999450683594,
      80.26599884033203,
      81.36199951171875
    ],
    "test_loss": [
      1.2503924369812012,
      0.9558892250061035,
      0.900229275226593,
      0.7849377989768982,
      0.7895922660827637,
      0.858985960483551,
      0.7593410015106201,
      0.7493323683738708,
      0.7456411719322205,
      0.6986815333366394
    ],
    "test_acc": [
      55.369998931884766,
      65.91999816894531,
      68.98999786376953,
      73.12999725341797,
      72.72000122070312,
      70.18999481201172,
      74.05999755859375,
      74.73999786376953,
      74.41999816894531,
      76.30999755859375
    ]
  }
}