{
  "config": {
    "run_name": "exp1_2",
    "out_dir": "./results",
    "seed": 42,
    "device": null,
    "bs_train": 50,
    "bs_test": 12,
    "batches": 10,
    "epochs": 10,
    "early_stopping": 5,
    "checkpoints": null,
    "lr": 0.001,
    "reg": 0.001,
    "filters_per_layer": [
      128
    ],
    "pool_every": 2,
    "hidden_dims": [
      100
    ],
    "model_type": "cnn",
    "kw": {},
    "layers_per_block": 4
  },
  "results": {
    "num_epochs": 10,
    "train_loss": [
      1.5638173818588257,
      1.0882673263549805,
      0.8986825346946716,
      0.7893475890159607,
      0.7056612968444824,
      0.642790675163269,
      0.5917280316352844,
      0.5492751598358154,
      0.5060023665428162,
      0.4686850607395172
    ],
    "train_acc": [
      42.939998626708984,
      61.387996673583984,
      68.46199798583984,
      72.23999786376953,
      75.32799530029297,
      77.6199951171875,
      79.1520004272461,
      80.54199981689453,
      82.05799865722656,
      83.45199584960938
    ],
    "test_loss": [
      1.2432111501693726,
      1.0141249895095825,
      0.9128783345222473,
      0.9038978219032288,
      0.8393033146858215,
      0.7631765604019165,
      0.7409831881523132,
      0.7467536926269531,
      0.7731554508209229,
      0.7900516390800476
    ],
    "test_acc": [
      55.81999969482422,
      63.869998931884766,
      67.8499984741211,
      68.37999725341797,
      70.91999816894531,
      73.66999816894531,
      74.25,
      74.72999572753906,
      74.31999969482422,
      73.23999786376953
    ]
  }
}