{
  "config": {
    "run_name": "exp1_1",
    "out_dir": "./results",
    "seed": 42,
    "device": null,
    "bs_train": 50,
    "bs_test": 12,
    "batches": 10,
    "epochs": 10,
    "early_stopping": 5,
    "checkpoints": null,
    "lr": 0.001,
    "reg": 0.001,
    "filters_per_layer": [
      64
    ],
    "pool_every": 1,
    "hidden_dims": [
      100
    ],
    "model_type": "cnn",
    "kw": {},
    "layers_per_block": 2
  },
  "results": {
    "num_epochs": 10,
    "train_loss": [
      1.4618092775344849,
      1.1303459405899048,
      1.0026429891586304,
      0.9247726798057556,
      0.8647323250770569,
      0.8184515833854675,
      0.7771917581558228,
      0.7434068322181702,
      0.7102774977684021,
      0.6773598194122314
    ],
    "train_acc": [
      47.12799835205078,
      60.045997619628906,
      64.60800170898438,
      67.48600006103516,
      69.5719985961914,
      71.31600189208984,
      72.61199951171875,
      73.83000183105469,
      75.04399871826172,
      76.197998046875
    ],
    "test_loss": [
      1.3400613069534302,
      1.114227056503296,
      0.9745945334434509,
      0.9678827524185181,
      0.9009911417961121,
      0.8893160223960876,
      0.8779557943344116,
      0.8579648733139038,
      0.8907659649848938,
      0.8648061752319336
    ],
    "test_acc": [
      53.22999954223633,
      60.13999938964844,
      66.02999877929688,
      65.52999877929688,
      68.19999694824219,
      69.18000030517578,
      69.54000091552734,
      70.33000183105469,
      69.47999572753906,
      70.50999450683594
    ]
  }
}