{
  "config": {
    "run_name": "exp1_2",
    "out_dir": "./results",
    "seed": 42,
    "device": null,
    "bs_train": 50,
    "bs_test": 12,
    "batches": 10,
    "epochs": 10,
    "early_stopping": 5,
    "checkpoints": null,
    "lr": 0.001,
    "reg": 0.001,
    "filters_per_layer": [
      64
    ],
    "pool_every": 2,
    "hidden_dims": [
      100
    ],
    "model_type": "cnn",
    "kw": {},
    "layers_per_block": 4
  },
  "results": {
    "num_epochs": 10,
    "train_loss": [
      1.5854060649871826,
      1.144699215888977,
      0.9928613901138306,
      0.8878316879272461,
      0.8054406642913818,
      0.7419654726982117,
      0.6852461695671082,
      0.6385977268218994,
      0.5993848443031311,
      0.565744161605835
    ],
    "train_acc": [
      42.14799880981445,
      59.37999725341797,
      64.94200134277344,
      68.5999984741211,
      71.54000091552734,
      74.0459976196289,
      75.8499984741211,
      77.66400146484375,
      79.1500015258789,
      80.16600036621094
    ],
    "test_loss": [
      1.308127760887146,
      1.05662202835083,
      0.9951933026313782,
      0.9093067049980164,
      0.8545234203338623,
      0.8069177269935608,
      0.8508232235908508,
      0.7932666540145874,
      0.8214741945266724,
      0.7870744466781616
    ],
    "test_acc": [
      53.0099983215332,
      62.6099967956543,
      64.77999877929688,
      68.2699966430664,
      69.93000030517578,
      71.97999572753906,
      70.29999542236328,
      72.5199966430664,
      72.20999908447266,
      72.90999603271484
    ]
  }
}