{
  "config": {
    "run_name": "exp1_3",
    "out_dir": "./results",
    "seed": 42,
    "device": null,
    "bs_train": 50,
    "bs_test": 12,
    "batches": 10,
    "epochs": 10,
    "early_stopping": 5,
    "checkpoints": null,
    "lr": 0.001,
    "reg": 0.001,
    "filters_per_layer": [
      64,
      128,
      256
    ],
    "pool_every": 4,
    "hidden_dims": [
      100
    ],
    "model_type": "cnn",
    "kw": {},
    "layers_per_block": 4
  },
  "results": {
    "num_epochs": 6,
    "train_loss": [
      2.30306339263916,
      2.302762031555176,
      2.3027853965759277,
      2.302783727645874,
      2.3027422428131104,
      2.3027355670928955
    ],
    "train_acc": [
      9.760000228881836,
      9.821999549865723,
      9.823999404907227,
      9.855999946594238,
      10.019999504089355,
      9.826000213623047
    ],
    "test_loss": [
      2.3026325702667236,
      2.302630662918091,
      2.3026278018951416,
      2.302603006362915,
      2.302622079849243,
      2.302612543106079
    ],
    "test_acc": [
      10.0,
      10.0,
      10.0,
      10.0,
      10.0,
      10.0
    ]
  }
}