{
  "config": {
    "run_name": "exp1_3",
    "out_dir": "./results",
    "seed": 42,
    "device": null,
    "bs_train": 50,
    "bs_test": 12,
    "batches": 10,
    "epochs": 10,
    "early_stopping": 5,
    "checkpoints": null,
    "lr": 0.001,
    "reg": 0.001,
    "filters_per_layer": [
      64,
      128,
      256
    ],
    "pool_every": 2,
    "hidden_dims": [
      100
    ],
    "model_type": "cnn",
    "kw": {},
    "layers_per_block": 2
  },
  "results": {
    "num_epochs": 6,
    "train_loss": [
      2.3030717372894287,
      2.302731990814209,
      2.302772283554077,
      2.302790641784668,
      2.3027915954589844,
      2.3027327060699463
    ],
    "train_acc": [
      9.817999839782715,
      9.932000160217285,
      9.868000030517578,
      9.923999786376953,
      9.863999366760254,
      9.795999526977539
    ],
    "test_loss": [
      2.3026278018951416,
      2.3026561737060547,
      2.3026576042175293,
      2.3026280403137207,
      2.302633047103882,
      2.302624225616455
    ],
    "test_acc": [
      10.0,
      10.0,
      10.0,
      10.0,
      10.0,
      10.0
    ]
  }
}