{
  "config": {
    "run_name": "exp1_1",
    "out_dir": "./results",
    "seed": 42,
    "device": null,
    "bs_train": 50,
    "bs_test": 12,
    "batches": 10,
    "epochs": 10,
    "early_stopping": 5,
    "checkpoints": null,
    "lr": 0.001,
    "reg": 0.001,
    "filters_per_layer": [
      64
    ],
    "pool_every": 4,
    "hidden_dims": [
      100
    ],
    "model_type": "cnn",
    "kw": {},
    "layers_per_block": 16
  },
  "results": {
    "num_epochs": 6,
    "train_loss": [
      2.3031911849975586,
      2.30281925201416,
      2.302833318710327,
      2.302776336669922,
      2.302755117416382,
      2.3027920722961426
    ],
    "train_acc": [
      9.906000137329102,
      9.993999481201172,
      9.981999397277832,
      9.847999572753906,
      9.821999549865723,
      9.943999290466309
    ],
    "test_loss": [
      2.3028006553649902,
      2.3027772903442383,
      2.3026716709136963,
      2.3026628494262695,
      2.3026745319366455,
      2.302621603012085
    ],
    "test_acc": [
      10.0,
      10.0,
      10.0,
      10.0,
      10.0,
      10.0
    ]
  }
}