{
  "config": {
    "run_name": "exp1_2",
    "out_dir": "./results",
    "seed": 42,
    "device": null,
    "bs_train": 50,
    "bs_test": 12,
    "batches": 10,
    "epochs": 10,
    "early_stopping": 5,
    "checkpoints": null,
    "lr": 0.001,
    "reg": 0.001,
    "filters_per_layer": [
      64
    ],
    "pool_every": 1,
    "hidden_dims": [
      100
    ],
    "model_type": "cnn",
    "kw": {},
    "layers_per_block": 2
  },
  "results": {
    "num_epochs": 10,
    "train_loss": [
      1.461830973625183,
      1.1312183141708374,
      1.003709316253662,
      0.9263970255851746,
      0.8695700764656067,
      0.821978747844696,
      0.7792155742645264,
      0.7460511922836304,
      0.7141795754432678,
      0.6796213984489441
    ],
    "train_acc": [
      47.09199905395508,
      59.895999908447266,
      64.6259994506836,
      67.3740005493164,
      69.43599700927734,
      71.1240005493164,
      72.57599639892578,
      73.73400115966797,
      75.02399444580078,
      76.11599731445312
    ],
    "test_loss": [
      1.3438392877578735,
      1.1142507791519165,
      0.9790583252906799,
      0.9548326134681702,
      0.9153205752372742,
      0.877470850944519,
      0.8596750497817993,
      0.8516327738761902,
      0.8725947737693787,
      0.8648144602775574
    ],
    "test_acc": [
      53.02000045776367,
      60.54999923706055,
      65.79000091552734,
      65.83000183105469,
      68.02999877929688,
      69.44999694824219,
      70.50999450683594,
      70.8499984741211,
      69.8499984741211,
      70.41999816894531
    ]
  }
}