{
  "config": {
    "run_name": "exp1_4",
    "out_dir": "./results",
    "seed": 42,
    "device": null,
    "bs_train": 50,
    "bs_test": 12,
    "batches": 10,
    "epochs": 10,
    "early_stopping": 5,
    "checkpoints": null,
    "lr": 0.001,
    "reg": 0.001,
    "filters_per_layer": [
      64,
      128,
      256
    ],
    "pool_every": 2,
    "hidden_dims": [
      100
    ],
    "model_type": "resnet",
    "kw": {},
    "layers_per_block": 2
  },
  "results": {
    "num_epochs": 10,
    "train_loss": [
      1.6073424816131592,
      1.140912652015686,
      0.9271743893623352,
      0.8118729591369629,
      0.720048189163208,
      0.651491641998291,
      0.5869377255439758,
      0.5426008701324463,
      0.5042628049850464,
      0.46337008476257324
    ],
    "train_acc": [
      41.31999969482422,
      59.44599914550781,
      67.20999908447266,
      71.67399597167969,
      74.86199951171875,
      77.23799896240234,
      79.4280014038086,
      80.92599487304688,
      82.2439956665039,
      83.90399932861328
    ],
    "test_loss": [
      1.2478423118591309,
      1.0970838069915771,
      0.9124862551689148,
      0.7966086864471436,
      0.769614040851593,
      0.7385472655296326,
      0.7192955017089844,
      0.6424782872200012,
      0.691936731338501,
      0.6519550681114197
    ],
    "test_acc": [
      54.14999771118164,
      61.31999969482422,
      67.66999816894531,
      72.37999725341797,
      73.11000061035156,
      74.52999877929688,
      75.27999877929688,
      78.19999694824219,
      75.72000122070312,
      78.1199951171875
    ]
  }
}