{
  "config": {
    "run_name": "exp1_2",
    "out_dir": "./results",
    "seed": 42,
    "device": null,
    "bs_train": 50,
    "bs_test": 12,
    "batches": 10,
    "epochs": 10,
    "early_stopping": 5,
    "checkpoints": null,
    "lr": 0.001,
    "reg": 0.001,
    "filters_per_layer": [
      256
    ],
    "pool_every": 2,
    "hidden_dims": [
      100
    ],
    "model_type": "cnn",
    "kw": {},
    "layers_per_block": 4
  },
  "results": {
    "num_epochs": 10,
    "train_loss": [
      1.5602827072143555,
      1.0817465782165527,
      0.899803102016449,
      0.7918341159820557,
      0.7069898843765259,
      0.6447112560272217,
      0.5882194638252258,
      0.5384325981140137,
      0.49833178520202637,
      0.4623541235923767
    ],
    "train_acc": [
      42.753997802734375,
      61.481998443603516,
      68.20999908447266,
      72.2439956665039,
      75.02399444580078,
      77.4020004272461,
      79.40599822998047,
      81.19400024414062,
      82.26799774169922,
      83.62799835205078
    ],
    "test_loss": [
      1.3167673349380493,
      1.0305802822113037,
      0.886493444442749,
      0.8346650004386902,
      0.8136761784553528,
      0.7535462379455566,
      0.7634151577949524,
      0.7755550742149353,
      0.778336763381958,
      0.7488732933998108
    ],
    "test_acc": [
      52.599998474121094,
      63.369998931884766,
      68.94999694824219,
      71.50999450683594,
      71.54000091552734,
      74.02999877929688,
      74.33999633789062,
      73.56999969482422,
      74.1199951171875,
      74.83000183105469
    ]
  }
}