{
  "config": {
    "run_name": "exp2",
    "out_dir": "./results",
    "seed": 42,
    "device": null,
    "bs_train": 16,
    "bs_test": 4,
    "batches": 10,
    "epochs": 10,
    "early_stopping": 5,
    "checkpoints": null,
    "lr": 0.001,
    "reg": 0.001,
    "filters_per_layer": [
      32,
      64,
      128
    ],
    "pool_every": 1,
    "hidden_dims": [
      100
    ],
    "model_type": "ycn",
    "kw": {},
    "layers_per_block": 9
  },
  "results": {
    "num_epochs": 6,
    "train_loss": [
      2.303880214691162,
      2.3029673099517822,
      2.3031656742095947,
      2.3030340671539307,
      2.3028812408447266,
      NaN
    ],
    "train_acc": [
      9.819999694824219,
      9.763999938964844,
      9.831999778747559,
      9.977999687194824,
      9.863999366760254,
      9.815999984741211
    ],
    "test_loss": [
      2.3027799129486084,
      2.302617073059082,
      2.302711248397827,
      2.302623748779297,
      2.3026959896087646,
      NaN
    ],
    "test_acc": [
      10.0,
      10.0,
      10.0,
      10.0,
      10.0,
      10.0
    ]
  }
}