{
  "config": {
    "run_name": "exp1_1",
    "out_dir": "./results",
    "seed": 42,
    "device": null,
    "bs_train": 50,
    "bs_test": 12,
    "batches": 10,
    "epochs": 10,
    "early_stopping": 5,
    "checkpoints": null,
    "lr": 0.001,
    "reg": 0.001,
    "filters_per_layer": [
      32
    ],
    "pool_every": 2,
    "hidden_dims": [
      100
    ],
    "model_type": "cnn",
    "kw": {},
    "layers_per_block": 4
  },
  "results": {
    "num_epochs": 10,
    "train_loss": [
      1.687743902206421,
      1.3027440309524536,
      1.128667950630188,
      0.9973742961883545,
      0.9072264432907104,
      0.836277425289154,
      0.775138258934021,
      0.724442720413208,
      0.6826807260513306,
      0.6491962671279907
    ],
    "train_acc": [
      38.503997802734375,
      53.06399917602539,
      59.88999938964844,
      64.69999694824219,
      67.75,
      70.3219985961914,
      72.47200012207031,
      74.54999542236328,
      75.82599639892578,
      77.11199951171875
    ],
    "test_loss": [
      1.3702685832977295,
      1.192770004272461,
      1.093387484550476,
      0.996278703212738,
      0.9125841856002808,
      0.9158802628517151,
      0.9040956497192383,
      0.8774223327636719,
      0.8143579959869385,
      0.803398609161377
    ],
    "test_acc": [
      50.349998474121094,
      57.349998474121094,
      61.019996643066406,
      64.0,
      68.18000030517578,
      68.43000030517578,
      68.29999542236328,
      69.58000183105469,
      71.25999450683594,
      71.97999572753906
    ]
  }
}