{
  "config": {
    "run_name": "exp1_1",
    "out_dir": "./results",
    "seed": 42,
    "device": null,
    "bs_train": 50,
    "bs_test": 12,
    "batches": 10,
    "epochs": 10,
    "early_stopping": 5,
    "checkpoints": null,
    "lr": 0.001,
    "reg": 0.001,
    "filters_per_layer": [
      32
    ],
    "pool_every": 1,
    "hidden_dims": [
      100
    ],
    "model_type": "cnn",
    "kw": {},
    "layers_per_block": 2
  },
  "results": {
    "num_epochs": 10,
    "train_loss": [
      1.5260690450668335,
      1.2029091119766235,
      1.0667107105255127,
      0.9866645336151123,
      0.922106146812439,
      0.8778141736984253,
      0.8427540063858032,
      0.7999749779701233,
      0.7741783857345581,
      0.7459343671798706
    ],
    "train_acc": [
      44.66600036621094,
      57.00599670410156,
      62.16999816894531,
      65.32599639892578,
      67.75199890136719,
      69.29999542236328,
      70.697998046875,
      71.94400024414062,
      72.82599639892578,
      73.7719955444336
    ],
    "test_loss": [
      1.2591567039489746,
      1.1194119453430176,
      1.0258219242095947,
      0.9512221813201904,
      0.9824835062026978,
      0.9488241672515869,
      0.8988248109817505,
      0.8878273367881775,
      0.9100388884544373,
      0.867417573928833
    ],
    "test_acc": [
      54.89999771118164,
      60.369998931884766,
      64.55999755859375,
      66.8499984741211,
      65.86000061035156,
      66.93999481201172,
      68.70999908447266,
      69.27999877929688,
      69.0,
      70.19999694824219
    ]
  }
}