{
  "config": {
    "run_name": "exp1_2",
    "out_dir": "./results",
    "seed": 42,
    "device": null,
    "bs_train": 50,
    "bs_test": 12,
    "batches": 10,
    "epochs": 10,
    "early_stopping": 5,
    "checkpoints": null,
    "lr": 0.001,
    "reg": 0.001,
    "filters_per_layer": [
      32
    ],
    "pool_every": 4,
    "hidden_dims": [
      100
    ],
    "model_type": "cnn",
    "kw": {},
    "layers_per_block": 8
  },
  "results": {
    "num_epochs": 6,
    "train_loss": [
      2.3030529022216797,
      2.3027799129486084,
      2.3027732372283936,
      2.3027849197387695,
      2.3027544021606445,
      2.302715539932251
    ],
    "train_acc": [
      9.899999618530273,
      9.881999969482422,
      9.857999801635742,
      9.765999794006348,
      9.913999557495117,
      9.961999893188477
    ],
    "test_loss": [
      2.3027501106262207,
      2.3026371002197266,
      2.302628517150879,
      2.302598714828491,
      2.3025920391082764,
      2.302661895751953
    ],
    "test_acc": [
      10.0,
      10.0,
      10.0,
      10.0,
      10.0,
      10.0
    ]
  }
}