{
  "config": {
    "run_name": "exp1_3",
    "out_dir": "./results",
    "seed": 42,
    "device": null,
    "bs_train": 50,
    "bs_test": 12,
    "batches": 10,
    "epochs": 10,
    "early_stopping": 5,
    "checkpoints": null,
    "lr": 0.001,
    "reg": 0.001,
    "filters_per_layer": [
      64,
      128,
      256
    ],
    "pool_every": 4,
    "hidden_dims": [
      100
    ],
    "model_type": "cnn",
    "kw": {},
    "layers_per_block": 3
  },
  "results": {
    "num_epochs": 6,
    "train_loss": [
      2.3032469749450684,
      2.302844524383545,
      2.3028805255889893,
      2.3027737140655518,
      2.3027777671813965,
      2.3027172088623047
    ],
    "train_acc": [
      9.892000198364258,
      9.785999298095703,
      9.719999313354492,
      10.031999588012695,
      10.09000015258789,
      10.00999927520752
    ],
    "test_loss": [
      2.302809715270996,
      2.302607536315918,
      2.302619695663452,
      2.302637815475464,
      2.3026256561279297,
      2.302614450454712
    ],
    "test_acc": [
      10.0,
      10.0,
      10.0,
      10.0,
      10.0,
      10.0
    ]
  }
}