{
  "config": {
    "run_name": "exp1_2",
    "out_dir": "./results",
    "seed": 42,
    "device": null,
    "bs_train": 50,
    "bs_test": 12,
    "batches": 10,
    "epochs": 10,
    "early_stopping": 5,
    "checkpoints": null,
    "lr": 0.001,
    "reg": 0.001,
    "filters_per_layer": [
      64
    ],
    "pool_every": 4,
    "hidden_dims": [
      100
    ],
    "model_type": "cnn",
    "kw": {},
    "layers_per_block": 8
  },
  "results": {
    "num_epochs": 6,
    "train_loss": [
      2.3032851219177246,
      2.3027899265289307,
      2.302766799926758,
      2.302809476852417,
      2.3027710914611816,
      2.302745819091797
    ],
    "train_acc": [
      9.77199935913086,
      9.89799976348877,
      9.895999908447266,
      9.741999626159668,
      9.877999305725098,
      9.769999504089355
    ],
    "test_loss": [
      2.3027307987213135,
      2.302687644958496,
      2.302661418914795,
      2.3026368618011475,
      2.302619218826294,
      2.3026041984558105
    ],
    "test_acc": [
      10.0,
      10.0,
      10.0,
      10.0,
      10.0,
      10.0
    ]
  }
}