{
  "config": {
    "run_name": "exp1_2",
    "out_dir": "./results",
    "seed": 42,
    "device": null,
    "bs_train": 50,
    "bs_test": 12,
    "batches": 10,
    "epochs": 10,
    "early_stopping": 5,
    "checkpoints": null,
    "lr": 0.001,
    "reg": 0.001,
    "filters_per_layer": [
      128
    ],
    "pool_every": 1,
    "hidden_dims": [
      100
    ],
    "model_type": "cnn",
    "kw": {},
    "layers_per_block": 2
  },
  "results": {
    "num_epochs": 10,
    "train_loss": [
      1.4424036741256714,
      1.0909438133239746,
      0.9600589871406555,
      0.8885270953178406,
      0.8411147594451904,
      0.7989521026611328,
      0.7594894170761108,
      0.7261275053024292,
      0.6949777603149414,
      0.6696534752845764
    ],
    "train_acc": [
      48.077999114990234,
      61.327999114990234,
      66.03800201416016,
      68.85199737548828,
      70.65799713134766,
      72.00799560546875,
      73.5,
      74.61399841308594,
      75.66600036621094,
      76.81399536132812
    ],
    "test_loss": [
      1.2159610986709595,
      1.0810776948928833,
      0.9710263013839722,
      1.0069427490234375,
      0.9257853627204895,
      0.8869948983192444,
      0.9402720332145691,
      0.83186936378479,
      0.84032142162323,
      0.8659678101539612
    ],
    "test_acc": [
      56.28999710083008,
      61.47999954223633,
      65.79000091552734,
      65.13999938964844,
      67.30999755859375,
      68.93000030517578,
      67.45999908447266,
      71.02999877929688,
      71.18999481201172,
      70.65999603271484
    ]
  }
}