{
  "config": {
    "run_name": "exp1_2",
    "out_dir": "./results",
    "seed": 42,
    "device": null,
    "bs_train": 50,
    "bs_test": 12,
    "batches": 10,
    "epochs": 10,
    "early_stopping": 5,
    "checkpoints": null,
    "lr": 0.001,
    "reg": 0.001,
    "filters_per_layer": [
      256
    ],
    "pool_every": 1,
    "hidden_dims": [
      100
    ],
    "model_type": "cnn",
    "kw": {},
    "layers_per_block": 2
  },
  "results": {
    "num_epochs": 10,
    "train_loss": [
      1.5644137859344482,
      1.2634806632995605,
      1.1577800512313843,
      1.087674617767334,
      1.0242409706115723,
      0.9779946208000183,
      0.944696307182312,
      0.9187639951705933,
      0.8947601318359375,
      0.8688497543334961
    ],
    "train_acc": [
      43.22800064086914,
      54.683998107910156,
      58.715999603271484,
      61.215999603271484,
      63.61800003051758,
      65.19599914550781,
      66.46599578857422,
      67.58000183105469,
      68.33599853515625,
      69.37999725341797
    ],
    "test_loss": [
      1.3304246664047241,
      1.2224204540252686,
      1.1316802501678467,
      1.1051894426345825,
      1.0102564096450806,
      1.0249896049499512,
      0.9527814984321594,
      0.9453195333480835,
      0.9473326802253723,
      0.9380245804786682
    ],
    "test_acc": [
      51.91999816894531,
      56.459999084472656,
      59.73999786376953,
      60.71999740600586,
      63.56999969482422,
      63.91999816894531,
      66.22999572753906,
      66.5199966430664,
      66.58999633789062,
      66.93000030517578
    ]
  }
}