{
  "config": {
    "run_name": "exp1_2",
    "out_dir": "./results",
    "seed": 42,
    "device": null,
    "bs_train": 50,
    "bs_test": 12,
    "batches": 10,
    "epochs": 10,
    "early_stopping": 5,
    "checkpoints": null,
    "lr": 0.001,
    "reg": 0.001,
    "filters_per_layer": [
      32
    ],
    "pool_every": 1,
    "hidden_dims": [
      100
    ],
    "model_type": "cnn",
    "kw": {},
    "layers_per_block": 2
  },
  "results": {
    "num_epochs": 10,
    "train_loss": [
      1.5285499095916748,
      1.214720368385315,
      1.0774621963500977,
      0.993002712726593,
      0.9268083572387695,
      0.8825141787528992,
      0.8444438576698303,
      0.8033377528190613,
      0.7744965553283691,
      0.7461521625518799
    ],
    "train_acc": [
      44.599998474121094,
      56.59599685668945,
      61.73999786376953,
      65.15999603271484,
      67.5739974975586,
      69.1500015258789,
      70.48400115966797,
      71.76599884033203,
      72.80999755859375,
      73.82799530029297
    ],
    "test_loss": [
      1.2686364650726318,
      1.145819902420044,
      1.033517837524414,
      0.9614631533622742,
      0.96504807472229,
      0.9496889710426331,
      0.9086047410964966,
      0.8973389863967896,
      0.9144132137298584,
      0.8618966937065125
    ],
    "test_acc": [
      54.47999954223633,
      59.869998931884766,
      64.30999755859375,
      66.31999969482422,
      66.55999755859375,
      67.05999755859375,
      68.20999908447266,
      68.54000091552734,
      68.72000122070312,
      69.8699951171875
    ]
  }
}