{
  "config": {
    "run_name": "exp1_2",
    "out_dir": "./results",
    "seed": 42,
    "device": null,
    "bs_train": 50,
    "bs_test": 12,
    "batches": 10,
    "epochs": 10,
    "early_stopping": 5,
    "checkpoints": null,
    "lr": 0.001,
    "reg": 0.001,
    "filters_per_layer": [
      128
    ],
    "pool_every": 4,
    "hidden_dims": [
      100
    ],
    "model_type": "cnn",
    "kw": {},
    "layers_per_block": 8
  },
  "results": {
    "num_epochs": 6,
    "train_loss": [
      2.3031022548675537,
      2.3028085231781006,
      2.3027963638305664,
      2.302760362625122,
      2.302746057510376,
      2.3027939796447754
    ],
    "train_acc": [
      9.88599967956543,
      9.97599983215332,
      10.00999927520752,
      9.736000061035156,
      9.877999305725098,
      9.880000114440918
    ],
    "test_loss": [
      2.3027007579803467,
      2.302631139755249,
      2.30271053314209,
      2.3026208877563477,
      2.3026139736175537,
      2.3026013374328613
    ],
    "test_acc": [
      10.0,
      10.0,
      10.0,
      10.0,
      10.0,
      10.0
    ]
  }
}