{
  "config": {
    "run_name": "exp1_1",
    "out_dir": "./results",
    "seed": 42,
    "device": null,
    "bs_train": 50,
    "bs_test": 12,
    "batches": 10,
    "epochs": 10,
    "early_stopping": 5,
    "checkpoints": null,
    "lr": 0.001,
    "reg": 0.001,
    "filters_per_layer": [
      64
    ],
    "pool_every": 2,
    "hidden_dims": [
      100
    ],
    "model_type": "cnn",
    "kw": {},
    "layers_per_block": 4
  },
  "results": {
    "num_epochs": 10,
    "train_loss": [
      1.5677356719970703,
      1.1177887916564941,
      0.9559698700904846,
      0.8493643999099731,
      0.7801751494407654,
      0.7267590761184692,
      0.6781639456748962,
      0.6306844353675842,
      0.5983269214630127,
      0.5675758719444275
    ],
    "train_acc": [
      42.79199981689453,
      60.20800018310547,
      66.2979965209961,
      70.08799743652344,
      72.4219970703125,
      74.6500015258789,
      75.94200134277344,
      78.0999984741211,
      79.00999450683594,
      80.20999908447266
    ],
    "test_loss": [
      1.2711188793182373,
      1.0319774150848389,
      0.967080295085907,
      0.9170666337013245,
      0.846238911151886,
      0.7997042536735535,
      0.8365247249603271,
      0.7876892685890198,
      0.8078181743621826,
      0.7840209603309631
    ],
    "test_acc": [
      54.37999725341797,
      63.75,
      66.20999908447266,
      67.40999603271484,
      70.3699951171875,
      71.88999938964844,
      70.27999877929688,
      72.36000061035156,
      72.29999542236328,
      73.43999481201172
    ]
  }
}