{
  "config": {
    "run_name": "exp1_1",
    "out_dir": "./results",
    "seed": 42,
    "device": null,
    "bs_train": 50,
    "bs_test": 12,
    "batches": 10,
    "epochs": 10,
    "early_stopping": 5,
    "checkpoints": null,
    "lr": 0.001,
    "reg": 0.001,
    "filters_per_layer": [
      32
    ],
    "pool_every": 4,
    "hidden_dims": [
      100
    ],
    "model_type": "cnn",
    "kw": {},
    "layers_per_block": 8
  },
  "results": {
    "num_epochs": 6,
    "train_loss": [
      2.3030717372894287,
      2.3027830123901367,
      2.3027632236480713,
      2.3027806282043457,
      2.302751064300537,
      2.302717447280884
    ],
    "train_acc": [
      9.95199966430664,
      9.901999473571777,
      9.84000015258789,
      9.76200008392334,
      9.795999526977539,
      10.083999633789062
    ],
    "test_loss": [
      2.3027548789978027,
      2.3026394844055176,
      2.3026256561279297,
      2.302597761154175,
      2.30259370803833,
      2.3026814460754395
    ],
    "test_acc": [
      10.0,
      10.0,
      10.0,
      10.0,
      10.0,
      10.0
    ]
  }
}