{
  "config": {
    "run_name": "exp1_4",
    "out_dir": "./results",
    "seed": 42,
    "device": null,
    "bs_train": 50,
    "bs_test": 12,
    "batches": 10,
    "epochs": 10,
    "early_stopping": 5,
    "checkpoints": null,
    "lr": 0.001,
    "reg": 0.001,
    "filters_per_layer": [
      32
    ],
    "pool_every": 4,
    "hidden_dims": [
      100
    ],
    "model_type": "resnet",
    "kw": {},
    "layers_per_block": 8
  },
  "results": {
    "num_epochs": 10,
    "train_loss": [
      1.6102286577224731,
      1.2823010683059692,
      1.112066388130188,
      0.9878033995628357,
      0.8875627517700195,
      0.8225955963134766,
      0.7739706635475159,
      0.7200829982757568,
      0.6861193776130676,
      0.6541682481765747
    ],
    "train_acc": [
      41.68199920654297,
      53.99799728393555,
      60.1719970703125,
      65.0260009765625,
      68.83000183105469,
      71.29199981689453,
      72.93000030517578,
      74.7760009765625,
      75.8759994506836,
      77.03199768066406
    ],
    "test_loss": [
      1.3915082216262817,
      1.1966966390609741,
      1.0561959743499756,
      1.0156916379928589,
      0.8935885429382324,
      0.8719854354858398,
      0.8202534317970276,
      0.8193688988685608,
      0.8518673777580261,
      0.8258107900619507
    ],
    "test_acc": [
      49.18000030517578,
      56.72999954223633,
      62.19999694824219,
      63.69999694824219,
      67.95999908447266,
      69.2699966430664,
      71.08000183105469,
      70.81999969482422,
      71.1500015258789,
      71.27999877929688
    ]
  }
}