{
  "config": {
    "run_name": "exp1_1",
    "out_dir": "./results",
    "seed": 42,
    "device": null,
    "bs_train": 50,
    "bs_test": 12,
    "batches": 10,
    "epochs": 10,
    "early_stopping": 5,
    "checkpoints": null,
    "lr": 0.001,
    "reg": 0.001,
    "filters_per_layer": [
      32
    ],
    "pool_every": 4,
    "hidden_dims": [
      100
    ],
    "model_type": "cnn",
    "kw": {},
    "layers_per_block": 16
  },
  "results": {
    "num_epochs": 6,
    "train_loss": [
      2.3031249046325684,
      2.3028857707977295,
      2.302830219268799,
      2.302790880203247,
      2.3027563095092773,
      2.3027305603027344
    ],
    "train_acc": [
      9.989999771118164,
      9.887999534606934,
      9.901999473571777,
      9.835999488830566,
      10.053999900817871,
      9.819999694824219
    ],
    "test_loss": [
      2.3027403354644775,
      2.302750587463379,
      2.302708864212036,
      2.3026537895202637,
      2.302631378173828,
      2.3026578426361084
    ],
    "test_acc": [
      10.0,
      10.0,
      10.0,
      10.0,
      10.0,
      10.0
    ]
  }
}