{
  "config": {
    "run_name": "exp1_4",
    "out_dir": "./results",
    "seed": 42,
    "device": null,
    "bs_train": 50,
    "bs_test": 12,
    "batches": 10,
    "epochs": 10,
    "early_stopping": 5,
    "checkpoints": null,
    "lr": 0.001,
    "reg": 0.001,
    "filters_per_layer": [
      32
    ],
    "pool_every": 16,
    "hidden_dims": [
      100
    ],
    "model_type": "resnet",
    "kw": {},
    "layers_per_block": 32
  },
  "results": {
    "num_epochs": 10,
    "train_loss": [
      1.7889010906219482,
      1.5467982292175293,
      1.4678854942321777,
      1.4322845935821533,
      1.4029793739318848,
      1.3773443698883057,
      1.3538414239883423,
      1.339004635810852,
      1.3222101926803589,
      1.306026577949524
    ],
    "train_acc": [
      35.40999984741211,
      44.59199905395508,
      47.70800018310547,
      49.11399841308594,
      50.321998596191406,
      51.30999755859375,
      51.849998474121094,
      52.54800033569336,
      52.986000061035156,
      53.529998779296875
    ],
    "test_loss": [
      1.5799493789672852,
      1.4824739694595337,
      1.4272820949554443,
      1.4277418851852417,
      1.4036792516708374,
      1.3676906824111938,
      1.3481569290161133,
      1.313630223274231,
      1.3098152875900269,
      1.308548927307129
    ],
    "test_acc": [
      44.13999938964844,
      47.57999801635742,
      49.02000045776367,
      48.61000061035156,
      50.619998931884766,
      51.31999969482422,
      52.2599983215332,
      53.43000030517578,
      53.779998779296875,
      53.18000030517578
    ]
  }
}