{
  "config": {
    "run_name": "exp1_4",
    "out_dir": "./results",
    "seed": 42,
    "device": null,
    "bs_train": 50,
    "bs_test": 12,
    "batches": 10,
    "epochs": 10,
    "early_stopping": 5,
    "checkpoints": null,
    "lr": 0.001,
    "reg": 0.001,
    "filters_per_layer": [
      64,
      128,
      256
    ],
    "pool_every": 4,
    "hidden_dims": [
      100
    ],
    "model_type": "resnet",
    "kw": {},
    "layers_per_block": 4
  },
  "results": {
    "num_epochs": 10,
    "train_loss": [
      1.6713017225265503,
      1.316830039024353,
      1.1183422803878784,
      0.9831551909446716,
      0.8878255486488342,
      0.8140832781791687,
      0.760638415813446,
      0.706336498260498,
      0.6683712005615234,
      0.62167888879776
    ],
    "train_acc": [
      38.275997161865234,
      52.459999084472656,
      60.03199768066406,
      64.94599914550781,
      68.71399688720703,
      71.2760009765625,
      73.20600128173828,
      75.2699966430664,
      76.71599578857422,
      78.28399658203125
    ],
    "test_loss": [
      1.404384732246399,
      1.1901575326919556,
      1.033360242843628,
      0.9337021112442017,
      0.8717483282089233,
      0.8098488450050354,
      0.7812436819076538,
      0.7870830297470093,
      0.7247399091720581,
      0.7050749659538269
    ],
    "test_acc": [
      48.04999923706055,
      57.779998779296875,
      63.22999954223633,
      67.5199966430664,
      69.18000030517578,
      71.55999755859375,
      72.68000030517578,
      72.5,
      74.50999450683594,
      76.02999877929688
    ]
  }
}