{
  "config": {
    "run_name": "exp1_4",
    "out_dir": "./results",
    "seed": 42,
    "device": null,
    "bs_train": 50,
    "bs_test": 12,
    "batches": 10,
    "epochs": 10,
    "early_stopping": 5,
    "checkpoints": null,
    "lr": 0.001,
    "reg": 0.001,
    "filters_per_layer": [
      32
    ],
    "pool_every": 8,
    "hidden_dims": [
      100
    ],
    "model_type": "resnet",
    "kw": {},
    "layers_per_block": 16
  },
  "results": {
    "num_epochs": 10,
    "train_loss": [
      1.682462215423584,
      1.3110765218734741,
      1.1336865425109863,
      1.0136693716049194,
      0.9355530738830566,
      0.8766002655029297,
      0.8235921263694763,
      0.7850437760353088,
      0.7471532225608826,
      0.7078859806060791
    ],
    "train_acc": [
      38.89399719238281,
      52.79800033569336,
      59.83599853515625,
      64.32599639892578,
      66.90399932861328,
      68.95199584960938,
      70.77799987792969,
      72.25999450683594,
      73.48999786376953,
      74.87200164794922
    ],
    "test_loss": [
      1.3928115367889404,
      1.2672394514083862,
      1.1108412742614746,
      1.086261510848999,
      1.0005805492401123,
      0.9401074051856995,
      0.9006466269493103,
      0.8736402988433838,
      0.8705800771713257,
      0.8995957970619202
    ],
    "test_acc": [
      49.619998931884766,
      54.63999938964844,
      60.25,
      60.939998626708984,
      64.97999572753906,
      66.7699966430664,
      68.40999603271484,
      68.97000122070312,
      69.47000122070312,
      68.79999542236328
    ]
  }
}