{
  "config": {
    "run_name": "exp1_2",
    "out_dir": "./results",
    "seed": 42,
    "device": null,
    "bs_train": 50,
    "bs_test": 12,
    "batches": 10,
    "epochs": 10,
    "early_stopping": 5,
    "checkpoints": null,
    "lr": 0.001,
    "reg": 0.001,
    "filters_per_layer": [
      256
    ],
    "pool_every": 4,
    "hidden_dims": [
      100
    ],
    "model_type": "cnn",
    "kw": {},
    "layers_per_block": 8
  },
  "results": {
    "num_epochs": 6,
    "train_loss": [
      2.303382158279419,
      2.3028485774993896,
      2.30283522605896,
      2.3027985095977783,
      2.303581476211548,
      2.3027491569519043
    ],
    "train_acc": [
      9.887999534606934,
      10.079999923706055,
      9.84000015258789,
      9.89799976348877,
      10.007999420166016,
      9.934000015258789
    ],
    "test_loss": [
      2.3027403354644775,
      2.302753448486328,
      2.302622079849243,
      2.302612781524658,
      2.3026461601257324,
      2.3026106357574463
    ],
    "test_acc": [
      10.0,
      10.0,
      10.0,
      10.0,
      10.0,
      10.0
    ]
  }
}