{
  "config": {
    "run_name": "exp2",
    "out_dir": "./results",
    "seed": 42,
    "device": null,
    "bs_train": 16,
    "bs_test": 4,
    "batches": 10,
    "epochs": 10,
    "early_stopping": 5,
    "checkpoints": null,
    "lr": 0.001,
    "reg": 0.001,
    "filters_per_layer": [
      32,
      64,
      128
    ],
    "pool_every": 1,
    "hidden_dims": [
      100
    ],
    "model_type": "ycn",
    "kw": {},
    "layers_per_block": 3
  },
  "results": {
    "num_epochs": 10,
    "train_loss": [
      1.6687196493148804,
      1.3369649648666382,
      1.2203947305679321,
      1.156625509262085,
      1.101966381072998,
      1.0720535516738892,
      1.0372135639190674,
      1.016568660736084,
      1.0007376670837402,
      0.9865159392356873
    ],
    "train_acc": [
      38.16999816894531,
      51.55799865722656,
      56.1619987487793,
      58.46999740600586,
      60.625999450683594,
      61.935997009277344,
      63.2859992980957,
      63.847999572753906,
      64.40399932861328,
      65.00399780273438
    ],
    "test_loss": [
      1.432676076889038,
      1.2514934539794922,
      1.1472673416137695,
      1.1408770084381104,
      1.1939382553100586,
      1.117822289466858,
      1.0631256103515625,
      1.0305637121200562,
      1.034723162651062,
      1.01180899143219
    ],
    "test_acc": [
      47.47999954223633,
      55.31999969482422,
      57.98999786376953,
      58.459999084472656,
      57.18000030517578,
      60.62999725341797,
      62.78999710083008,
      63.64999771118164,
      62.66999816894531,
      64.43999481201172
    ]
  }
}